{
    "PCA": 50,
    "CLS": {
        "learning_rate": 0.1,
        "max_depth": 5,
        "n_estimators": 100,
        "random_state": 42
    },
    "score": {
        "accuracy": 0.6126760563380281,
        "f1": 0.5132743362831859
    }
}